group,n,subjects,mean_ita,std_ita
SP,15256,2107,21.289183970184542,23.89957594266352
