components,shared_global_mean_rmse,shared_site_centered_mean_rmse,site_specific_mean_rmse,site_centering_relative_improvement,site_specific_relative_improvement_over_centered
1,0.01715776214860324,0.014981189297336673,0.014158528617213218,0.12685645321431124,0.054912908701427746
2,0.008826587614573075,0.0075199996404970845,0.0071117534756400145,0.1480286642052652,0.05428805643268411
3,0.004913304422778305,0.004377637633488791,0.0040065267969385775,0.10902373294969021,0.08477422473510081
5,0.002003277083189557,0.0018776377888727648,0.00170976913427499,0.06271688293700904,0.08940417347402996
10,0.0007248253800818085,0.0006630160342264131,0.0005882210858354239,0.08527480901457829,0.11281016525981558
